{
  "EEGNet": {
    "w250_ov0": {
      "mean_ms": 0.2550800025346689,
      "p95_ms": 0.4085649910848587,
      "throughput_hz": 1.0
    },
    "w250_ov50": {
      "mean_ms": 0.2940470590490942,
      "p95_ms": 0.39865997678134585,
      "throughput_hz": 2.0
    },
    "w500_ov0": {
      "mean_ms": 0.3860599991943066,
      "p95_ms": 0.5480199877638368,
      "throughput_hz": 0.5
    },
    "w500_ov50": {
      "mean_ms": 0.3809847462511921,
      "p95_ms": 0.539730009040795,
      "throughput_hz": 1.0
    },
    "w1000_ov0": {
      "mean_ms": 0.6604133348446339,
      "p95_ms": 0.8606599905760959,
      "throughput_hz": 0.25
    },
    "w1000_ov50": {
      "mean_ms": 0.653965516088145,
      "p95_ms": 0.8453600050415843,
      "throughput_hz": 0.5
    }
  },
  "MobileEEGNet": {
    "w250_ov0": {
      "mean_ms": 0.16324333652543524,
      "p95_ms": 0.2579999767476692,
      "throughput_hz": 1.0
    },
    "w250_ov50": {
      "mean_ms": 0.14215882206257402,
      "p95_ms": 0.24191997945308685,
      "throughput_hz": 2.0
    },
    "w500_ov0": {
      "mean_ms": 0.18680333353889486,
      "p95_ms": 0.24623998760944224,
      "throughput_hz": 0.5
    },
    "w500_ov50": {
      "mean_ms": 0.19906440619537133,
      "p95_ms": 0.2769600076135245,
      "throughput_hz": 1.0
    },
    "w1000_ov0": {
      "mean_ms": 0.22425332960362235,
      "p95_ms": 0.3461699991021304,
      "throughput_hz": 0.25
    },
    "w1000_ov50": {
      "mean_ms": 0.2435344795230776,
      "p95_ms": 0.26062000542879105,
      "throughput_hz": 0.5
    }
  },
  "TinyEEGNet": {
    "w250_ov0": {
      "mean_ms": 0.04464166753071671,
      "p95_ms": 0.05822000530315563,
      "throughput_hz": 1.0
    },
    "w250_ov50": {
      "mean_ms": 0.042486555058462154,
      "p95_ms": 0.04749998624902218,
      "throughput_hz": 2.0
    },
    "w500_ov0": {
      "mean_ms": 0.06116999623676141,
      "p95_ms": 0.06582997739315033,
      "throughput_hz": 0.5
    },
    "w500_ov50": {
      "mean_ms": 0.05990000080585606,
      "p95_ms": 0.06389999471139163,
      "throughput_hz": 1.0
    },
    "w1000_ov0": {
      "mean_ms": 0.11441333141798775,
      "p95_ms": 0.20532999478746178,
      "throughput_hz": 0.25
    },
    "w1000_ov50": {
      "mean_ms": 0.0976999992793747,
      "p95_ms": 0.16763999010436237,
      "throughput_hz": 0.5
    }
  }
}